id,name,email,aspect,comments,rating,
1,Yenugu Poojitha,yenugupoojithareddy3107@gmail.com,service,The tourist place had provided good services,4,
2,chitra,chitra123@gmail.com,food,The food given in the restaurant was delicious. I found it enjoyable!,5,
3,saaket,saaket123@gmail.com,ambience,The relaxed ambience of Thrissur was popular with temples.,3,
4,sravani,sravani18@gmail.com,food,The historical prestige and the hotel ambience was good and the service was on point. Good trip!,4,
5,rishikesh,rishikesh31@gmail.com,service,Hotel services were good,3,
6,vinay,vinay14@gmail.com,hospitality,"I became ill, so I was admitted in a hospital for 3 days.",3, 
